# continuity,offered_load_per_link,blocking,delay,probes,blocked_again
0,3,0.0025446,0.005,25446,0.953824
0,3,0.0025446,0.01,25446,0.907412
0,3,0.0025446,0.02,25446,0.821976
0,3,0.0025446,0.03,25446,0.749194
0,3,0.0025446,0.05,25446,0.628861
0,3,0.0025446,0.075,25446,0.515209
0,3,0.0025446,0.1,25446,0.42769
0,3,0.0025446,0.15,25446,0.304056
0,3,0.0025446,0.2,25446,0.223178
0,3,0.0025446,0.3,25446,0.140336
0,3,0.0025446,0.5,25446,0.0663366
0,3,0.0025446,0.75,25446,0.0343865
0,3,0.0025446,1,25446,0.0198852
0,3,0.0025446,1.5,25446,0.0109251
0,3,0.0025446,2,25445,0.00558066
0,3,0.0025446,3,25445,0.00420515
0,3,0.0025446,5,25443,0.00326219
0,3,0.0025446,10,25438,0.0027911
0,3,0.0025446,20,25427,0.00306761
0,3.75,0.0104031,0.005,104031,0.951591
0,3.75,0.0104031,0.01,104031,0.907643
0,3.75,0.0104031,0.02,104031,0.827503
0,3.75,0.0104031,0.03,104031,0.757447
0,3.75,0.0104031,0.05,104031,0.640761
0,3.75,0.0104031,0.075,104031,0.530448
0,3.75,0.0104031,0.1,104031,0.44555
0,3.75,0.0104031,0.15,104031,0.328566
0,3.75,0.0104031,0.2,104031,0.255059
0,3.75,0.0104031,0.3,104031,0.16944
0,3.75,0.0104031,0.5,104031,0.0925974
0,3.75,0.0104031,0.75,104029,0.0564554
0,3.75,0.0104031,1,104029,0.0382009
0,3.75,0.0104031,1.5,104026,0.0237441
0,3.75,0.0104031,2,104022,0.017977
0,3.75,0.0104031,3,104022,0.0136894
0,3.75,0.0104031,5,104016,0.0119982
0,3.75,0.0104031,10,104005,0.0124898
0,3.75,0.0104031,20,103993,0.012472
1,2,0.002571,0.005,25710,0.963244
1,2,0.002571,0.01,25710,0.927266
1,2,0.002571,0.02,25710,0.863438
1,2,0.002571,0.03,25710,0.803073
1,2,0.002571,0.05,25710,0.700039
1,2,0.002571,0.075,25710,0.596733
1,2,0.002571,0.1,25710,0.513497
1,2,0.002571,0.15,25710,0.382186
1,2,0.002571,0.2,25710,0.297044
1,2,0.002571,0.3,25710,0.191443
1,2,0.002571,0.5,25710,0.0949436
1,2,0.002571,0.75,25710,0.0491249
1,2,0.002571,1,25710,0.0318942
1,2,0.002571,1.5,25710,0.0173862
1,2,0.002571,2,25710,0.0113574
1,2,0.002571,3,25710,0.00875146
1,2,0.002571,5,25709,0.0063013
1,2,0.002571,10,25708,0.00552357
1,2,0.002571,20,25708,0.00630154
1,2.5,0.0094243,0.005,94243,0.96752
1,2.5,0.0094243,0.01,94243,0.936993
1,2.5,0.0094243,0.02,94243,0.878304
1,2.5,0.0094243,0.03,94243,0.82334
1,2.5,0.0094243,0.05,94243,0.728595
1,2.5,0.0094243,0.075,94243,0.629033
1,2.5,0.0094243,0.1,94243,0.548741
1,2.5,0.0094243,0.15,94243,0.427724
1,2.5,0.0094243,0.2,94243,0.343262
1,2.5,0.0094243,0.3,94243,0.236707
1,2.5,0.0094243,0.5,94243,0.139331
1,2.5,0.0094243,0.75,94243,0.0858419
1,2.5,0.0094243,1,94243,0.0627951
1,2.5,0.0094243,1.5,94242,0.0390166
1,2.5,0.0094243,2,94240,0.0312394
1,2.5,0.0094243,3,94237,0.0238654
1,2.5,0.0094243,5,94236,0.0203956
1,2.5,0.0094243,10,94232,0.0208103
1,2.5,0.0094243,20,94221,0.0205262
