# N,offered_load_per_link,first_fit,utilisation,blocking
5,1,0,0.0999433,8e-06
5,1,1,0.100004,1e-06
5,1.5,0,0.14987,0.000125
5,1.5,1,0.15003,2.1e-05
5,2,0,0.19919,0.001068
5,2,1,0.199775,0.000225
5,2.5,0,0.248269,0.004441
5,2.5,1,0.250128,0.001461
5,3,0,0.295567,0.012125
5,3,1,0.29664,0.006016
5,3.5,0,0.337259,0.024997
5,3.5,1,0.341855,0.015922
5,4,0,0.376226,0.043289
5,4,1,0.382683,0.032723
5,4.5,0,0.410688,0.065279
5,4.5,1,0.418116,0.054369
5,5,0,0.439949,0.089074
5,5,1,0.447603,0.078264
5,5.5,0,0.465813,0.114644
5,5.5,1,0.474751,0.104687
5,6,0,0.489561,0.14054
5,6,1,0.497413,0.131789
5,6.5,0,0.510001,0.166178
5,6.5,1,0.517688,0.157781
5,7,0,0.527593,0.19054
5,7,1,0.535806,0.182789
5,7.5,0,0.543274,0.212798
5,7.5,1,0.550826,0.206893
5,8,0,0.558233,0.235455
5,8,1,0.565972,0.230111
7,1,0,0.0997169,9e-06
7,1,1,0.099714,0
7,1.5,0,0.150264,0.000365
7,1.5,1,0.149751,3.6e-05
7,2,0,0.199439,0.00254
7,2,1,0.200898,0.000558
7,2.5,0,0.247461,0.009642
7,2.5,1,0.249277,0.003654
7,3,0,0.290284,0.022845
7,3,1,0.294261,0.013246
7,3.5,0,0.329129,0.043105
7,3.5,1,0.335721,0.031583
7,4,0,0.362374,0.067876
7,4,1,0.370492,0.056337
7,4.5,0,0.392735,0.096949
7,4.5,1,0.399849,0.084494
7,5,0,0.416536,0.124808
7,5,1,0.424536,0.114399
7,5.5,0,0.438895,0.154299
7,5.5,1,0.446248,0.144557
7,6,0,0.457635,0.182234
7,6,1,0.465519,0.173643
7,6.5,0,0.473962,0.209198
7,6.5,1,0.481322,0.201369
7,7,0,0.488419,0.232805
7,7,1,0.495933,0.227613
7,7.5,0,0.502258,0.258427
7,7.5,1,0.508628,0.2511
7,8,0,0.513971,0.280289
7,8,1,0.520839,0.275715
9,1,0,0.0998976,1.9e-05
9,1,1,0.0999281,3e-06
9,1.5,0,0.15058,0.000618
9,1.5,1,0.150468,8.2e-05
9,2,0,0.199109,0.004127
9,2,1,0.199706,0.000956
9,2.5,0,0.245555,0.014147
9,2.5,1,0.248378,0.006487
9,3,0,0.286461,0.031937
9,3,1,0.2914,0.020148
9,3.5,0,0.32369,0.057894
9,3.5,1,0.329732,0.044566
9,4,0,0.354031,0.086723
9,4,1,0.360631,0.073555
9,4.5,0,0.379622,0.117921
9,4.5,1,0.387686,0.106687
9,5,0,0.402558,0.149798
9,5,1,0.409694,0.139532
9,5.5,0,0.421555,0.180031
9,5.5,1,0.428249,0.17089
9,6,0,0.437829,0.20919
9,6,1,0.44528,0.201918
9,6.5,0,0.452784,0.235642
9,6.5,1,0.459506,0.229716
9,7,0,0.4659,0.26193
9,7,1,0.47207,0.255821
9,7.5,0,0.477198,0.285233
9,7.5,1,0.483794,0.281166
9,8,0,0.488404,0.309084
9,8,1,0.494636,0.305335
