# N,offered_load_per_link,occupy,utilisation,burst_loss
5,0.01,0,0.000999078,0.0009965
5,0.02,0,0.00199231,0.0021125
5,0.05,0,0.00496025,0.0051045
5,0.1,0,0.00986673,0.010387
5,0.2,0,0.0194838,0.020385
5,0.5,0,0.0469359,0.0489115
5,1,0,0.0885701,0.092777
5,2,0,0.159125,0.165025
5,3,0,0.21691,0.225041
5,4,0,0.265959,0.274724
7,0.01,0,0.000998193,0.0014935
7,0.02,0,0.00199506,0.0028805
7,0.05,0,0.00496041,0.007243
7,0.1,0,0.00980372,0.0143705
7,0.2,0,0.0192936,0.0282115
7,0.5,0,0.0459273,0.067002
7,1,0,0.0851851,0.123088
7,2,0,0.149401,0.21301
7,3,0,0.199682,0.28228
7,4,0,0.240932,0.336703
9,0.01,0,0.000994865,0.001762
9,0.02,0,0.00199087,0.00341
9,0.05,0,0.00495353,0.008589
9,0.1,0,0.0097935,0.01694
9,0.2,0,0.019198,0.0331855
9,0.5,0,0.0454115,0.0778655
9,1,0,0.0833254,0.141596
9,2,0,0.143752,0.240549
9,3,0,0.190147,0.313514
9,4,0,0.227823,0.371071
5,0.01,1,0.000997214,0.0010415
5,0.02,1,0.00199669,0.0020425
5,0.05,1,0.00499582,0.0052
5,0.1,1,0.00992409,0.0104685
5,0.2,1,0.0197135,0.020555
5,0.5,1,0.0484567,0.0499755
5,1,1,0.0939453,0.0951235
5,2,1,0.177433,0.175205
5,3,1,0.25206,0.243219
5,4,1,0.319221,0.302043
7,0.01,1,0.00100156,0.0014885
7,0.02,1,0.00199045,0.0029995
7,0.05,1,0.00497799,0.007274
7,0.1,1,0.00990789,0.0143005
7,0.2,1,0.0196381,0.0284615
7,0.5,1,0.0478665,0.0685305
7,1,1,0.0919494,0.128737
7,2,1,0.170471,0.23045
7,3,1,0.238132,0.311705
7,4,1,0.297884,0.380283
9,0.01,1,0.000999433,0.00173
9,0.02,1,0.00199623,0.0034825
9,0.05,1,0.00496801,0.008564
9,0.1,1,0.00988535,0.017123
9,0.2,1,0.0195962,0.033632
9,0.5,1,0.0476132,0.0807775
9,1,1,0.0906498,0.149333
9,2,1,0.166668,0.264083
9,3,1,0.230694,0.352967
9,4,1,0.284924,0.423324
