# N,offered_load_per_link,utilisation,blocking
5,2,0.200144,0.000104333
5,2.25,0.224903,0.000232
5,2.5,0.250352,0.000558
5,2.75,0.275174,0.00109833
5,3,0.299394,0.00192233
5,3.25,0.323473,0.00329233
5,3.5,0.347809,0.00521
5,3.75,0.371291,0.00791733
5,4,0.394856,0.0116097
7,2,0.200379,0.00014
7,2.25,0.224827,0.000341
7,2.5,0.249447,0.000731667
7,2.75,0.274241,0.00139933
7,3,0.29988,0.00260867
7,3.25,0.323254,0.00433267
7,3.5,0.347449,0.00691567
7,3.75,0.370245,0.0103137
7,4,0.392725,0.0147003
9,2,0.199933,0.000166333
9,2.25,0.22495,0.000416
9,2.5,0.249821,0.000849667
9,2.75,0.274577,0.00170767
9,3,0.298847,0.00307733
9,3.25,0.322947,0.005219
9,3.5,0.347308,0.00843733
9,3.75,0.36994,0.0122643
9,4,0.391581,0.0170213
