# N,offered_load_per_link,utilisation,link_blocking,path_blocking
5,2.5,0.250218,0.000205581,0.0005105
5,3,0.29883,0.000770333,0.0019065
5,3.5,0.347632,0.00211932,0.005224
5,4,0.39461,0.00479502,0.011727
5,4.5,0.438682,0.00894785,0.021677
5,5,0.478914,0.0147451,0.035402
5,5.5,0.515866,0.0221847,0.0527575
5,6,0.549812,0.03121,0.073303
5,6.5,0.579389,0.0411667,0.0955655
5,7,0.605409,0.051813,0.119066
5,7.5,0.628744,0.0628483,0.142928
5,8,0.649047,0.0743627,0.167215
5,8.5,0.666936,0.0851792,0.189668
5,9,0.683351,0.0966858,0.212986
7,2.5,0.249924,0.000208963,0.000721
7,3,0.298878,0.000736306,0.0025075
7,3.5,0.347537,0.00204169,0.0069205
7,4,0.393278,0.00441897,0.0147975
7,4.5,0.436461,0.00829067,0.027358
7,5,0.475027,0.0132307,0.043136
7,5.5,0.510399,0.0197424,0.063464
7,6,0.541644,0.0272066,0.086151
7,6.5,0.568152,0.0348516,0.108884
7,7,0.592284,0.0434224,0.133539
7,7.5,0.61382,0.0523479,0.159018
7,8,0.63322,0.0615851,0.184514
7,8.5,0.649113,0.0698125,0.206742
7,9,0.664406,0.0789395,0.230525
9,2.5,0.249776,0.000200962,0.000868
9,3,0.298639,0.000705075,0.00303
9,3.5,0.346763,0.00193462,0.00817
9,4,0.391943,0.00413876,0.017273
9,4.5,0.434197,0.00762274,0.0313465
9,5,0.47189,0.0120715,0.0488105
9,5.5,0.505298,0.0177469,0.0705525
9,6,0.535054,0.0239721,0.0940535
9,6.5,0.561285,0.0308977,0.119156
9,7,0.583962,0.0382103,0.145018
9,7.5,0.6044,0.0455742,0.17033
9,8,0.622024,0.0531335,0.195781
9,8.5,0.638185,0.0606508,0.220125
9,9,0.652338,0.0679487,0.242949
