# N,offered_load_per_link,continuity,utilisation,blocking
5,2,0,0.199982,4.86667e-05
5,2.25,0,0.224883,0.000126333
5,2.5,0,0.249794,0.000319667
5,2.75,0,0.274907,0.000573667
5,3,0,0.299936,0.001137
5,3.25,0,0.324019,0.001969
5,3.5,0,0.348672,0.00312333
5,3.75,0,0.372779,0.004807
5,4,0,0.39719,0.00710933
7,2,0,0.200187,7.36667e-05
7,2.25,0,0.225328,0.000179
7,2.5,0,0.249763,0.00036
7,2.75,0,0.274887,0.000784333
7,3,0,0.299288,0.00142133
7,3.25,0,0.323862,0.00232133
7,3.5,0,0.34836,0.00380867
7,3.75,0,0.373064,0.005958
7,4,0,0.39603,0.00852833
9,2,0,0.199944,7.46667e-05
9,2.25,0,0.224817,0.000189667
9,2.5,0,0.249633,0.000461667
9,2.75,0,0.274709,0.000858
9,3,0,0.299219,0.001668
9,3.25,0,0.324458,0.002808
9,3.5,0,0.348595,0.00454633
9,3.75,0,0.372522,0.00690633
9,4,0,0.396258,0.010178
5,1.25,1,0.124899,4.4e-05
5,1.5,1,0.150046,0.000159667
5,1.75,1,0.17484,0.00047
5,2,1,0.199789,0.00121533
5,2.25,1,0.224409,0.00264533
5,2.5,1,0.248386,0.004915
5,2.75,1,0.272177,0.00847933
5,3,1,0.294469,0.0131913
5,3.25,1,0.316828,0.0194253
7,1.25,1,0.124944,0.000183
7,1.5,1,0.149978,0.000648667
7,1.75,1,0.174255,0.00185
7,2,1,0.19864,0.004059
7,2.25,1,0.222562,0.00794267
7,2.5,1,0.245578,0.01348
7,2.75,1,0.26668,0.020811
7,3,1,0.287726,0.030345
7,3.25,1,0.306559,0.0406793
9,1.25,1,0.124981,0.000543667
9,1.5,1,0.149342,0.00172233
9,1.75,1,0.173984,0.004414
9,2,1,0.197771,0.00929667
9,2.25,1,0.219567,0.0160317
9,2.5,1,0.240988,0.0254903
9,2.75,1,0.261075,0.0370227
9,3,1,0.279185,0.049723
9,3.25,1,0.296358,0.0640467
